{"cameraMode":{"drawMode":0,"name":"Shaded","section":"Shading Mode"},"sceneLighting":true,"audioPlay":false,"sceneViewState":{"showFog":true,"showMaterialUpdate":false,"showSkybox":true,"showFlares":true,"showImageEffects":true,"showParticleSystems":true},"in2DMode":false,"pivot":{"x":-39.20000076293945,"y":0.0,"z":39.45000076293945},"rotation":{"x":0.0013137246714904905,"y":0.6816349029541016,"z":-0.7317021489143372,"w":0.0012311071623116732},"size":47.244300842285159,"orthographic":true}